k_TL,k_TX,R_p,tau_m,K_TL,R,k_deg,X_p,K_p,tau_0,tau_f,N_p,N_m,D
12.721445381500166,1.693324968070253,28.805923806047108,883.8003898056483,4.715723153885147,81.36160675136743,0.19631038563362757,1.1256778005867303,3.221888479577609,0.01597510954787412,331.40822619124816,592,2711,100
