k_TL,k_TX,R_p,tau_m,K_TL,R,k_deg,X_p,K_p,tau_0,tau_f,N_p,N_m,D
8.665998161033713,0.5826480716370045,26.503303644033558,666.392502679185,5.04461491755367,78.56347620092794,0.5174980882717641,0.07827095945204765,4.00896181141923,0.0011018913784256175,385.6067987545669,401,2097,100
